{"cameraMode":{"drawMode":0,"name":"Shaded","section":"Shading Mode"},"sceneLighting":false,"audioPlay":false,"sceneViewState":{"showFog":true,"showMaterialUpdate":false,"showSkybox":false,"showFlares":true,"showImageEffects":true,"showParticleSystems":true},"in2DMode":false,"pivot":{"x":0.468242883682251,"y":0.11150950193405152,"z":0.08254671096801758},"rotation":{"x":-0.26809361577033999,"y":-0.051417168229818347,"z":0.014331711456179619,"w":-0.9619178771972656},"size":0.3464100956916809,"orthographic":false}